{
  "ReRoutes": [
    //Catalog API
    {
      "DownstreamPathTemplate": "/api/v1/Catalog",
      "DownstreamScheme": "http",
      "DownstreamHostAndPorts": [
        {
          "Host": "localhost",
          "Port": "8000"
        }
      ],
      "UpstreamPathTemplate": "/Catalog",
      "UpstreamHttpMethod": [ "GET", "POST", "PUT" ]
    },
    {
      "DownstreamPathTemplate": "/api/v1/Catalog/{id}",
      "DownstreamScheme": "http",
      "DownstreamHostAndPorts": [
        {
          "Host": "localhost",
          "Port": "8000"
        }
      ],
      "UpstreamPathTemplate": "/Catalog/{id}",
      "UpstreamHttpMethod": [ "GET", "DELETE" ]
    },
    {
      "DownstreamPathTemplate": "/api/v1/Catalog/GetProductByCategory/{category}",
      "DownstreamScheme": "http",
      "DownstreamHostAndPorts": [
        {
          "Host": "localhost",
          "Port": "8000"
        }
      ],
      "UpstreamPathTemplate": "/Catalog/GetProductByCategory/{category}",
      "UpstreamHttpMethod": [ "GET" ]
    },
    //Basket API
    {
      "DownstreamPathTemplate": "/api/v1/Basket",
      "DownstreamScheme": "http",
      "DownstreamHostAndPorts": [
        {
          "Host": "localhost",
          "Port": "8001"
        }
      ],
      "UpstreamPathTemplate": "/Basket",
      "UpstreamHttpMethod": [ "GET", "POST" ]
    },
    {
      "DownstreamPathTemplate": "/api/v1/Basket/{userName}",
      "DownstreamScheme": "http",
      "DownstreamHostAndPorts": [
        {
          "Host": "localhost",
          "Port": "8001"
        }
      ],
      "UpstreamPathTemplate": "/Basket/{userName}",
      "UpstreamHttpMethod": [ "DELETE" ]
    },
    {
      "DownstreamPathTemplate": "/api/v1/Basket/Checkout",
      "DownstreamScheme": "http",
      "DownstreamHostAndPorts": [
        {
          "Host": "localhost",
          "Port": "8001"
        }
      ],
      "UpstreamPathTemplate": "/Basket/Checkout",
      "UpstreamHttpMethod": [ "POST" ]
    },
    //Order API
    {
      "DownstreamPathTemplate": "/api/v1/Order",
      "DownstreamScheme": "http",
      "DownstreamHostAndPorts": [
        {
          "Host": "localhost",
          "Port": "8002"
        }
      ],
      "UpstreamPathTemplate": "/Order",
      "UpstreamHttpMethod": [ "GET" ]
    }
  ]
}